2026-04-21 01:29:02,DROWSINESS
2026-04-21 01:29:02,DROWSINESS
2026-04-21 01:29:02,DROWSINESS
2026-04-21 01:29:02,DROWSINESS
2026-04-21 01:29:02,DROWSINESS
2026-04-21 01:29:02,DROWSINESS
2026-04-21 01:29:02,DROWSINESS
2026-04-21 01:29:02,DROWSINESS
2026-04-21 01:29:02,DROWSINESS
2026-04-21 01:29:02,DROWSINESS
2026-04-21 01:29:02,DROWSINESS
2026-04-21 01:29:02,DROWSINESS
2026-04-21 01:29:02,DROWSINESS
2026-04-21 01:29:02,DROWSINESS
2026-04-21 01:29:02,DROWSINESS
2026-04-21 01:29:02,DROWSINESS
2026-04-21 01:29:02,DROWSINESS
2026-04-21 01:29:02,DROWSINESS
2026-04-21 01:29:02,DROWSINESS
2026-04-21 01:29:02,DROWSINESS
2026-04-21 01:29:02,DROWSINESS
2026-04-21 01:29:02,DROWSINESS
2026-04-21 01:29:02,DROWSINESS
2026-04-21 01:29:02,DROWSINESS
2026-04-21 01:29:03,DROWSINESS
2026-04-21 01:29:03,DROWSINESS
2026-04-21 01:29:03,DROWSINESS
2026-04-21 01:29:03,DROWSINESS
2026-04-21 01:29:03,DROWSINESS
2026-04-21 01:29:03,DROWSINESS
2026-04-21 01:29:03,DROWSINESS
2026-04-21 01:29:03,DROWSINESS
2026-04-21 01:29:03,DROWSINESS
2026-04-21 01:29:03,DROWSINESS
2026-04-21 01:29:03,DROWSINESS
2026-04-21 01:29:03,DROWSINESS
2026-04-21 01:29:03,DROWSINESS
2026-04-21 01:29:03,DROWSINESS
2026-04-21 01:29:03,DROWSINESS
2026-04-21 01:29:03,DROWSINESS
2026-04-21 01:29:03,DROWSINESS
2026-04-21 01:29:03,DROWSINESS
2026-04-21 01:29:03,DROWSINESS
2026-04-21 01:29:03,DROWSINESS
2026-04-21 01:29:03,DROWSINESS
2026-04-21 01:29:03,DROWSINESS
2026-04-21 01:29:03,DROWSINESS
2026-04-21 01:29:03,DROWSINESS
2026-04-21 01:29:03,DROWSINESS
2026-04-21 01:29:03,DROWSINESS
2026-04-21 01:29:18,DROWSINESS
2026-04-21 01:29:18,DROWSINESS
2026-04-21 01:29:18,DROWSINESS
2026-04-21 01:29:18,DROWSINESS
2026-04-21 01:29:18,DROWSINESS
2026-04-21 01:29:18,DROWSINESS
2026-04-21 01:29:18,DROWSINESS
2026-04-21 01:29:18,DROWSINESS
2026-04-21 01:29:18,DROWSINESS
2026-04-21 01:29:18,DROWSINESS
2026-04-21 01:29:18,DROWSINESS
2026-04-21 01:29:18,DROWSINESS
2026-04-21 01:29:18,DROWSINESS
2026-04-21 01:29:18,DROWSINESS
2026-04-21 01:29:18,DROWSINESS
2026-04-21 01:29:18,DROWSINESS
2026-04-21 01:29:21,DROWSINESS
2026-04-21 01:29:21,DROWSINESS
2026-04-21 01:29:21,DROWSINESS
2026-04-21 01:29:21,DROWSINESS
2026-04-21 01:29:21,DROWSINESS
2026-04-21 01:29:22,DROWSINESS
2026-04-21 01:29:22,DROWSINESS
2026-04-21 01:29:22,DROWSINESS
2026-04-21 01:29:22,DROWSINESS
2026-04-21 01:29:22,DROWSINESS
2026-04-21 01:29:22,DROWSINESS
2026-04-21 01:29:22,DROWSINESS
2026-04-21 01:29:22,DROWSINESS
2026-04-21 01:29:22,DROWSINESS
2026-04-21 01:29:22,DROWSINESS
2026-04-21 01:29:22,DROWSINESS
2026-04-21 01:29:22,DROWSINESS
2026-04-21 01:29:22,DROWSINESS
2026-04-21 01:29:22,DROWSINESS
2026-04-21 01:29:22,DROWSINESS
2026-04-21 01:29:22,DROWSINESS
2026-04-21 01:29:22,DROWSINESS
2026-04-21 01:29:22,DROWSINESS
2026-04-21 01:29:22,DROWSINESS
2026-04-21 01:29:22,DROWSINESS
2026-04-21 01:29:22,DROWSINESS
2026-04-21 01:29:22,DROWSINESS
2026-04-21 01:29:38,DROWSINESS
2026-04-21 01:29:38,DROWSINESS
2026-04-21 01:29:38,DROWSINESS
2026-04-21 01:29:38,DROWSINESS
2026-04-21 01:29:38,DROWSINESS
2026-04-21 01:29:38,DROWSINESS
2026-04-21 01:29:38,DROWSINESS
2026-04-21 01:29:38,DROWSINESS
2026-04-21 01:29:38,DROWSINESS
2026-04-21 01:29:38,DROWSINESS
2026-04-21 01:29:38,DROWSINESS
2026-04-21 01:29:38,DROWSINESS
2026-04-21 01:29:49,DROWSINESS
2026-04-21 01:29:49,DROWSINESS
2026-04-21 01:29:49,DROWSINESS
2026-04-21 01:29:49,DROWSINESS
2026-04-21 01:29:49,DROWSINESS
2026-04-21 01:29:49,DROWSINESS
2026-04-21 01:29:49,DROWSINESS
2026-04-21 01:29:49,DROWSINESS
2026-04-21 01:29:49,DROWSINESS
2026-04-21 01:29:49,DROWSINESS
2026-04-21 01:29:49,DROWSINESS
2026-04-21 01:29:49,DROWSINESS
2026-04-21 01:29:49,DROWSINESS
2026-04-21 01:29:49,DROWSINESS
2026-04-21 01:29:49,DROWSINESS
2026-04-21 01:29:49,DROWSINESS
2026-04-21 01:29:49,DROWSINESS
2026-04-21 01:29:49,DROWSINESS
2026-04-21 01:29:49,DROWSINESS
2026-04-21 01:29:49,DROWSINESS
2026-04-21 01:29:49,DROWSINESS
2026-04-21 01:29:50,DROWSINESS
2026-04-21 01:29:50,DROWSINESS
2026-04-21 01:29:50,DROWSINESS
2026-04-21 01:29:50,DROWSINESS
2026-04-21 01:29:50,DROWSINESS
2026-04-21 01:29:59,DROWSINESS
2026-04-21 01:29:59,DROWSINESS
2026-04-21 01:29:59,DROWSINESS
2026-04-21 01:29:59,DROWSINESS
2026-04-21 01:29:59,DROWSINESS
2026-04-21 01:29:59,DROWSINESS
2026-04-21 01:29:59,DROWSINESS
2026-04-21 01:29:59,DROWSINESS
2026-04-21 01:29:59,DROWSINESS
2026-04-21 01:29:59,DROWSINESS
2026-04-21 01:29:59,DROWSINESS
2026-04-21 01:30:02,DROWSINESS
2026-04-21 01:30:02,DROWSINESS
2026-04-21 01:30:02,DROWSINESS
2026-04-21 01:30:02,DROWSINESS
2026-04-21 01:30:02,DROWSINESS
2026-04-21 01:30:02,DROWSINESS
2026-04-21 01:30:05,DROWSINESS
2026-04-21 01:30:05,DROWSINESS
2026-04-21 01:30:05,DROWSINESS
2026-04-21 01:30:05,DROWSINESS
2026-04-21 01:30:05,DROWSINESS
2026-04-21 01:30:05,DROWSINESS
2026-04-21 01:30:05,DROWSINESS
2026-04-21 01:30:05,DROWSINESS
2026-04-21 01:30:05,DROWSINESS
2026-04-21 01:30:05,DROWSINESS
2026-04-21 01:30:05,DROWSINESS
2026-04-21 01:30:06,DROWSINESS
2026-04-21 01:30:06,DROWSINESS
2026-04-21 01:30:06,DROWSINESS
2026-04-21 01:30:06,DROWSINESS
2026-04-21 01:30:06,DROWSINESS
2026-04-21 01:30:06,DROWSINESS
2026-04-21 01:30:06,DROWSINESS
2026-04-21 01:30:06,DROWSINESS
2026-04-21 01:30:06,DROWSINESS
2026-04-21 01:30:06,DROWSINESS
2026-04-21 01:30:06,DROWSINESS
2026-04-21 01:30:06,DROWSINESS
2026-04-21 01:30:06,DROWSINESS
2026-04-21 01:30:06,DROWSINESS
2026-04-21 01:30:06,DROWSINESS
2026-04-21 01:30:06,DROWSINESS
2026-04-21 01:30:06,DROWSINESS
2026-04-21 01:30:06,DROWSINESS
2026-04-21 01:30:06,DROWSINESS
2026-04-21 01:30:06,DROWSINESS
2026-04-21 01:30:06,DROWSINESS
2026-04-21 01:30:06,DROWSINESS
2026-04-21 01:30:06,DROWSINESS
2026-04-21 01:30:06,DROWSINESS
2026-04-21 01:30:06,DROWSINESS
2026-04-21 01:30:06,DROWSINESS
2026-04-21 01:30:06,DROWSINESS
2026-04-21 01:30:06,DROWSINESS
2026-04-21 01:30:06,DROWSINESS
2026-04-21 01:30:06,DROWSINESS
2026-04-21 01:30:07,DROWSINESS
2026-04-21 01:30:07,DROWSINESS
2026-04-21 01:30:07,DROWSINESS
2026-04-21 01:30:07,DROWSINESS
2026-04-21 01:30:07,DROWSINESS
2026-04-21 01:30:07,DROWSINESS
2026-04-21 01:30:07,DROWSINESS
2026-04-21 01:30:07,DROWSINESS
2026-04-21 01:30:07,DROWSINESS
2026-04-21 01:30:07,DROWSINESS
2026-04-21 01:30:07,DROWSINESS
2026-04-21 01:30:07,DROWSINESS
2026-04-21 01:30:07,DROWSINESS
2026-04-21 01:30:07,DROWSINESS
2026-04-21 01:30:07,DROWSINESS
2026-04-21 01:30:07,DROWSINESS
2026-04-21 01:30:07,DROWSINESS
2026-04-21 01:30:07,DROWSINESS
2026-04-21 01:30:07,DROWSINESS
2026-04-21 01:30:07,DROWSINESS
2026-04-21 01:30:07,DROWSINESS
2026-04-21 01:30:07,DROWSINESS
2026-04-21 01:30:07,DROWSINESS
2026-04-21 01:30:07,DROWSINESS
2026-04-21 01:30:07,DROWSINESS
2026-04-21 01:30:07,DROWSINESS
2026-04-21 01:30:07,DROWSINESS
2026-04-21 01:30:07,DROWSINESS
2026-04-21 01:30:07,DROWSINESS
2026-04-21 01:30:07,DROWSINESS
2026-04-21 01:30:08,DROWSINESS
2026-04-21 01:30:08,DROWSINESS
2026-04-21 01:30:08,DROWSINESS
2026-04-21 01:30:08,DROWSINESS
2026-04-21 01:30:08,DROWSINESS
2026-04-21 01:30:08,DROWSINESS
2026-04-21 01:30:08,DROWSINESS
2026-04-21 01:30:08,DROWSINESS
2026-04-21 01:30:08,DROWSINESS
2026-04-21 01:30:08,DROWSINESS
2026-04-21 01:30:08,DROWSINESS
2026-04-21 01:30:08,DROWSINESS
2026-04-21 01:30:08,DROWSINESS
2026-04-21 01:30:08,DROWSINESS
2026-04-21 01:30:08,DROWSINESS
2026-04-21 01:30:08,DROWSINESS
2026-04-21 01:30:08,DROWSINESS
2026-04-21 01:30:08,DROWSINESS
2026-04-21 01:30:08,DROWSINESS
2026-04-21 01:30:08,DROWSINESS
2026-04-21 01:30:08,DROWSINESS
2026-04-21 01:30:08,DROWSINESS
2026-04-21 01:30:08,DROWSINESS
2026-04-21 01:30:08,DROWSINESS
2026-04-21 01:30:08,DROWSINESS
2026-04-21 01:30:08,DROWSINESS
2026-04-21 01:30:08,DROWSINESS
2026-04-21 01:30:08,DROWSINESS
2026-04-21 01:30:08,DROWSINESS
2026-04-21 01:30:08,DROWSINESS
2026-04-21 01:30:09,DROWSINESS
2026-04-21 01:30:09,DROWSINESS
2026-04-21 01:30:09,DROWSINESS
2026-04-21 01:30:09,DROWSINESS
2026-04-21 01:30:09,DROWSINESS
2026-04-21 01:30:11,DROWSINESS
2026-04-21 01:30:11,DROWSINESS
2026-04-21 01:30:11,DROWSINESS
2026-04-21 01:30:11,DROWSINESS
2026-04-21 01:30:11,DROWSINESS
2026-04-21 01:30:11,DROWSINESS
2026-04-21 01:30:11,DROWSINESS
2026-04-21 01:30:11,DROWSINESS
2026-04-21 01:30:11,DROWSINESS
2026-04-21 01:30:11,DROWSINESS
2026-04-21 01:30:11,DROWSINESS
2026-04-21 01:30:11,DROWSINESS
2026-04-21 01:30:11,DROWSINESS
2026-04-21 01:30:11,DROWSINESS
2026-04-21 01:30:12,DROWSINESS
2026-04-21 01:30:12,DROWSINESS
2026-04-21 01:30:12,DROWSINESS
2026-04-21 01:30:12,DROWSINESS
2026-04-21 01:30:12,DROWSINESS
2026-04-21 01:30:12,DROWSINESS
2026-04-21 01:30:12,DROWSINESS
2026-04-21 01:30:12,DROWSINESS
2026-04-21 01:30:12,DROWSINESS
2026-04-21 01:30:12,DROWSINESS
2026-04-21 01:30:12,DROWSINESS
2026-04-21 01:30:12,DROWSINESS
2026-04-21 01:30:12,DROWSINESS
2026-04-21 01:30:12,DROWSINESS
2026-04-21 01:30:12,DROWSINESS
2026-04-21 01:30:12,DROWSINESS
2026-04-21 01:30:12,DROWSINESS
2026-04-21 01:30:12,DROWSINESS
2026-04-21 01:30:12,DROWSINESS
2026-04-21 01:30:12,DROWSINESS
2026-04-21 01:30:12,DROWSINESS
2026-04-21 01:30:12,DROWSINESS
2026-04-21 01:30:12,DROWSINESS
2026-04-21 01:30:12,DROWSINESS
2026-04-21 01:30:12,DROWSINESS
2026-04-21 01:30:12,DROWSINESS
2026-04-21 01:30:12,DROWSINESS
2026-04-21 01:30:12,DROWSINESS
2026-04-21 01:30:12,DROWSINESS
2026-04-21 01:30:12,DROWSINESS
2026-04-21 01:30:13,DROWSINESS
2026-04-21 01:30:13,DROWSINESS
2026-04-21 01:30:13,DROWSINESS
2026-04-21 01:30:13,DROWSINESS
2026-04-21 01:30:13,DROWSINESS
2026-04-21 01:30:13,DROWSINESS
2026-04-21 01:30:13,DROWSINESS
2026-04-21 01:30:13,DROWSINESS
2026-04-21 01:30:22,DROWSINESS
2026-04-21 01:30:22,DROWSINESS
2026-04-21 01:30:22,DROWSINESS
2026-04-21 01:30:22,DROWSINESS
2026-04-21 01:30:22,DROWSINESS
2026-04-21 01:30:22,DROWSINESS
2026-04-21 01:30:22,DROWSINESS
2026-04-21 01:30:22,DROWSINESS
2026-04-21 01:30:22,DROWSINESS
2026-04-21 01:30:22,DROWSINESS
2026-04-21 01:30:22,DROWSINESS
2026-04-21 01:30:22,DROWSINESS
2026-04-21 01:30:22,DROWSINESS
2026-04-21 01:30:22,DROWSINESS
2026-04-21 01:30:22,DROWSINESS
2026-04-21 01:30:22,DROWSINESS
2026-04-21 01:30:23,DROWSINESS
2026-04-21 01:30:23,DROWSINESS
2026-04-21 01:30:23,DROWSINESS
2026-04-21 01:30:23,DROWSINESS
2026-04-21 01:30:23,DROWSINESS
2026-04-21 01:30:23,DROWSINESS
2026-04-21 01:30:23,DROWSINESS
2026-04-21 01:30:23,DROWSINESS
2026-04-21 01:30:23,DROWSINESS
2026-04-21 01:30:23,DROWSINESS
2026-04-21 01:30:23,DROWSINESS
2026-04-21 01:30:23,DROWSINESS
2026-04-21 01:30:23,DROWSINESS
2026-04-21 01:30:23,DROWSINESS
2026-04-21 01:30:23,DROWSINESS
2026-04-21 01:30:23,DROWSINESS
2026-04-21 01:30:23,DROWSINESS
2026-04-21 01:30:23,DROWSINESS
2026-04-21 01:30:23,DROWSINESS
2026-04-21 01:30:23,DROWSINESS
2026-04-21 01:30:23,DROWSINESS
2026-04-21 01:30:23,DROWSINESS
2026-04-21 01:30:23,DROWSINESS
2026-04-21 01:30:23,DROWSINESS
2026-04-21 01:30:23,DROWSINESS
2026-04-21 01:30:23,DROWSINESS
2026-04-21 01:30:23,DROWSINESS
2026-04-21 01:30:23,DROWSINESS
2026-04-21 01:30:23,DROWSINESS
2026-04-21 01:30:23,DROWSINESS
2026-04-21 01:30:24,DROWSINESS
2026-04-21 01:30:24,DROWSINESS
2026-04-21 01:30:24,DROWSINESS
2026-04-21 01:30:24,DROWSINESS
2026-04-21 01:30:24,DROWSINESS
2026-04-21 01:30:24,DROWSINESS
2026-04-21 01:30:24,DROWSINESS
2026-04-21 01:30:24,DROWSINESS
2026-04-21 01:30:24,DROWSINESS
2026-04-21 01:30:24,DROWSINESS
2026-04-21 01:30:24,DROWSINESS
2026-04-21 01:30:24,DROWSINESS
2026-04-21 01:30:24,DROWSINESS
2026-04-21 01:30:24,DROWSINESS
2026-04-21 01:30:24,DROWSINESS
2026-04-21 01:30:24,DROWSINESS
2026-04-21 01:30:24,DROWSINESS
2026-04-21 01:30:24,DROWSINESS
2026-04-21 01:30:24,DROWSINESS
2026-04-21 01:30:24,DROWSINESS
2026-04-21 01:30:24,DROWSINESS
2026-04-21 01:30:24,DROWSINESS
2026-04-21 01:30:24,DROWSINESS
2026-04-21 01:30:24,DROWSINESS
2026-04-21 01:30:24,DROWSINESS
2026-04-21 01:30:24,DROWSINESS
2026-04-21 01:30:24,DROWSINESS
2026-04-21 01:30:24,DROWSINESS
2026-04-21 01:30:24,DROWSINESS
2026-04-21 01:30:24,DROWSINESS
2026-04-21 01:30:25,DROWSINESS
2026-04-21 01:30:25,DROWSINESS
2026-04-21 01:30:25,DROWSINESS
2026-04-21 01:30:25,DROWSINESS
2026-04-21 01:30:25,DROWSINESS
2026-04-21 01:30:25,DROWSINESS
2026-04-21 01:30:25,DROWSINESS
2026-04-21 01:30:25,DROWSINESS
2026-04-21 01:30:25,DROWSINESS
2026-04-21 01:30:25,DROWSINESS
2026-04-21 01:30:25,DROWSINESS
2026-04-21 01:30:27,DROWSINESS
2026-04-21 01:30:27,DROWSINESS
2026-04-21 01:30:27,DROWSINESS
2026-04-21 01:30:27,DROWSINESS
2026-04-21 01:30:27,DROWSINESS
2026-04-21 01:30:27,DROWSINESS
2026-04-21 01:30:27,DROWSINESS
2026-04-21 01:30:27,DROWSINESS
2026-04-21 01:30:27,DROWSINESS
2026-04-21 01:30:27,DROWSINESS
2026-04-21 01:30:27,DROWSINESS
2026-04-21 01:30:27,DROWSINESS
2026-04-21 01:30:27,DROWSINESS
2026-04-21 01:30:27,DROWSINESS
2026-04-21 01:30:27,DROWSINESS
2026-04-21 01:30:27,DROWSINESS
2026-04-21 01:30:27,DROWSINESS
2026-04-21 01:30:28,DROWSINESS
2026-04-21 01:30:28,DROWSINESS
2026-04-21 01:30:28,DROWSINESS
2026-04-21 01:30:28,DROWSINESS
2026-04-21 01:30:28,DROWSINESS
2026-04-21 01:30:28,DROWSINESS
2026-04-21 01:30:28,DROWSINESS
2026-04-21 01:30:28,DROWSINESS
2026-04-21 01:30:28,DROWSINESS
2026-04-21 01:30:28,DROWSINESS
2026-04-21 01:30:28,DROWSINESS
2026-04-21 01:30:28,DROWSINESS
2026-04-21 01:30:28,DROWSINESS
2026-04-21 01:30:28,DROWSINESS
2026-04-21 01:30:28,DROWSINESS
2026-04-21 01:30:28,DROWSINESS
2026-04-21 01:30:28,DROWSINESS
2026-04-21 01:30:28,DROWSINESS
2026-04-21 01:30:28,DROWSINESS
2026-04-21 01:30:28,DROWSINESS
2026-04-21 01:30:28,DROWSINESS
2026-04-21 01:30:28,DROWSINESS
2026-04-21 01:30:28,DROWSINESS
2026-04-21 01:30:28,DROWSINESS
2026-04-21 01:30:28,DROWSINESS
2026-04-21 01:30:28,DROWSINESS
2026-04-21 01:30:28,DROWSINESS
2026-04-21 01:30:28,DROWSINESS
2026-04-21 01:30:28,DROWSINESS
2026-04-21 01:30:28,DROWSINESS
2026-04-21 01:30:29,DROWSINESS
2026-04-21 01:30:29,DROWSINESS
2026-04-21 01:30:29,DROWSINESS
2026-04-21 01:30:29,DROWSINESS
2026-04-21 01:30:29,DROWSINESS
2026-04-21 01:30:29,DROWSINESS
2026-04-21 01:30:29,DROWSINESS
2026-04-21 01:30:29,DROWSINESS
2026-04-21 01:30:29,DROWSINESS
2026-04-21 01:30:29,DROWSINESS
2026-04-21 01:30:29,DROWSINESS
2026-04-21 01:30:29,DROWSINESS
2026-04-21 01:30:29,DROWSINESS
2026-04-21 01:30:29,DROWSINESS
2026-04-21 01:30:29,DROWSINESS
2026-04-21 01:30:29,DROWSINESS
2026-04-21 01:30:29,DROWSINESS
2026-04-21 01:30:29,DROWSINESS
2026-04-21 01:30:29,DROWSINESS
2026-04-21 01:30:29,DROWSINESS
2026-04-21 01:30:29,DROWSINESS
2026-04-21 01:30:29,DROWSINESS
2026-04-21 01:30:29,DROWSINESS
2026-04-21 01:30:29,DROWSINESS
2026-04-21 01:30:29,DROWSINESS
2026-04-21 01:30:29,DROWSINESS
2026-04-21 01:30:29,DROWSINESS
2026-04-21 01:30:29,DROWSINESS
2026-04-21 01:30:29,DROWSINESS
2026-04-21 01:30:29,DROWSINESS
2026-04-21 01:30:29,DROWSINESS
2026-04-21 01:30:30,DROWSINESS
2026-04-21 01:30:30,DROWSINESS
2026-04-21 01:30:30,DROWSINESS
2026-04-21 01:30:30,DROWSINESS
2026-04-21 01:30:30,DROWSINESS
2026-04-21 01:30:30,DROWSINESS
2026-04-21 01:30:30,DROWSINESS
2026-04-21 01:30:30,DROWSINESS
2026-04-21 01:30:30,DROWSINESS
2026-04-21 01:30:30,DROWSINESS
2026-04-21 01:30:30,DROWSINESS
2026-04-21 01:30:30,DROWSINESS
2026-04-21 01:30:30,DROWSINESS
2026-04-21 01:30:30,DROWSINESS
2026-04-21 01:30:30,DROWSINESS
2026-04-21 01:30:30,DROWSINESS
2026-04-21 01:30:30,DROWSINESS
2026-04-21 01:30:30,DROWSINESS
2026-04-21 01:30:30,DROWSINESS
2026-04-21 01:30:30,DROWSINESS
2026-04-21 01:30:30,DROWSINESS
2026-04-21 01:30:30,DROWSINESS
2026-04-21 01:30:30,DROWSINESS
2026-04-21 01:30:30,DROWSINESS
2026-04-21 01:30:30,DROWSINESS
2026-04-21 01:30:30,DROWSINESS
2026-04-21 01:30:30,DROWSINESS
2026-04-21 01:30:30,DROWSINESS
2026-04-21 01:30:30,DROWSINESS
2026-04-21 01:30:30,DROWSINESS
2026-04-21 01:30:31,DROWSINESS
2026-04-21 01:30:31,DROWSINESS
2026-04-21 01:30:31,DROWSINESS
2026-04-21 01:30:31,DROWSINESS
2026-04-21 01:30:31,DROWSINESS
2026-04-21 01:30:31,DROWSINESS
2026-04-21 01:30:31,DROWSINESS
2026-04-21 01:30:31,DROWSINESS
2026-04-21 01:30:31,DROWSINESS
2026-04-21 01:30:31,DROWSINESS
2026-04-21 01:30:31,DROWSINESS
2026-04-21 01:30:31,DROWSINESS
2026-04-21 01:30:31,DROWSINESS
2026-04-21 01:30:31,DROWSINESS
2026-04-21 01:30:31,DROWSINESS
2026-04-21 01:30:31,DROWSINESS
2026-04-21 01:30:31,DROWSINESS
2026-04-21 01:30:31,DROWSINESS
2026-04-21 01:30:31,DROWSINESS
2026-04-21 01:30:31,DROWSINESS
2026-04-21 01:30:31,DROWSINESS
2026-04-21 01:30:31,DROWSINESS
2026-04-21 01:30:31,DROWSINESS
2026-04-21 01:30:31,DROWSINESS
2026-04-21 01:30:31,DROWSINESS
2026-04-21 01:30:31,DROWSINESS
2026-04-21 01:30:31,DROWSINESS
2026-04-21 01:30:31,DROWSINESS
2026-04-21 01:30:31,DROWSINESS
2026-04-21 01:30:31,DROWSINESS
2026-04-21 01:30:32,DROWSINESS
2026-04-21 01:30:32,DROWSINESS
2026-04-21 01:30:32,DROWSINESS
2026-04-21 01:30:32,DROWSINESS
2026-04-21 01:30:32,DROWSINESS
2026-04-21 01:30:32,DROWSINESS
2026-04-21 01:30:32,DROWSINESS
2026-04-21 01:30:32,DROWSINESS
2026-04-21 01:30:32,DROWSINESS
2026-04-21 01:30:32,DROWSINESS
2026-04-21 01:30:32,DROWSINESS
2026-04-21 01:30:32,DROWSINESS
2026-04-21 01:30:32,DROWSINESS
2026-04-21 01:30:32,DROWSINESS
2026-04-21 01:30:32,DROWSINESS
2026-04-21 01:30:32,DROWSINESS
2026-04-21 01:30:32,DROWSINESS
2026-04-21 01:30:32,DROWSINESS
2026-04-21 01:30:32,DROWSINESS
2026-04-21 01:30:32,DROWSINESS
2026-04-21 01:30:34,DROWSINESS
